keys,en
A0 – C8 · 88 键,A0 – C8 · 88 keys
AAC 音频码率；未启用音频时不参与导出。,AAC audio bitrate; unused when no audio is enabled.
Ctrl+H 显示 / 隐藏界面，Esc 恢复界面，F10 窗口调整为 16:9，F11 全屏,"Ctrl+H show/hide the UI, Esc restore it, F10 fit the window to 16:9, F11 fullscreen"
H.264 / H.265 软件编码,H.264 / H.265 software encoding
MIDI 来源,MIDI source
MIDI 音符,MIDI notes
▸ 接触线系统,▸ Contact line system
▸ 效果,▸ Effects
▸ 灯光,▸ Lights
▸ 粒子与流线,▸ Particles & streams
▸ 背景,▸ Background
▸ 预览,▸ Preview
上一行,Previous row
上升速度（像素/秒）,Rise speed (px/s)
下一行,Next row
下落提前量（秒）,Fall lead time (s)
不透明度（%）,Opacity (%)
两者共享波动和触键响应。关闭染色后保持自定义颜色，仍随触键增亮和波动。,Both share the wobble and key-press response. With note tinting off they keep custom colors and still brighten and wobble on key presses.
为画面中较亮的效果添加光晕，影响所有发光效果。,Adds a halo to brighter effects on screen; affects every glow.
也可以将文件拖入窗口,You can also drag files into the window
主颜色,Primary color
乐谱,Score
乐谱同步,Score sync
乐谱小节偏移,Score measure offset
亮度,Brightness
亮度（%）,Brightness (%)
仅调整背景视频预览帧率；导出跟随导出窗口的帧率。,Only affects the background video preview FPS; export follows the export dialog frame rate.
仅调整背景视频预览；导出使用原视频。,Only affects the background video preview; export uses the original video.
从一首 MIDI 开始,Start from a MIDI
从触键位置向两侧扩散，只显示在键盘区域。,"Spreads sideways from the pressed key, visible only over the keyboard."
位置与尺寸（画面百分比）,Position & size (% of frame)
作用于整个按下的键面。关闭发光后，仍保留按下状态的颜色。,"Covers the whole pressed key. With key glow off, the pressed color is kept."
使用乐谱内的 MIDI 同步。播放、暂停与拖动共用下方时间轴；透明乐谱可配浅色主颜色。,"Syncs with the MIDI embedded in the score. Play, pause and scrubbing share the timeline below; transparent scores pair well with a light primary color."
侧风强度,Side wind
停止并回到起点,Stop and return to start
光带亮度,Light bar brightness
光带宽度（像素）,Light bar width (px)
光晕强度,Halo intensity
光标线,Cursor line
关于 Trifle,About Trifle
关闭,Close
关闭后播放到视频末尾时保持最后一帧。,"When off, the last frame is held once playback reaches the end of the video."
出现概率（%）,Spawn chance (%)
分组颜色,Group colors
单侧范围（白键）,One-sided range (white keys)
去除 SVG 白底和乐谱衬板，显示透明乐谱,Remove the SVG white background and score backing for a transparent score
去除背景,Remove background
发光强度,Glow intensity
发声点到达时增亮，随后衰减回基础亮度。乐谱和光标参与全局泛光。,"Brightens as notes reach the strike point, then decays back to base. The score and cursor join the global bloom."
取消导出,Cancel export
可执行文件名或完整路径,Executable name or full path
同一通道包含多个轨道时，可按轨道分别配色。两种模式各自保留颜色。,"When one channel spans multiple tracks, colors can follow each track. Both modes keep their own colors."
同时调整此组音符与按下琴键的颜色,Also adjusts the colors of this note group and the pressed keys
回到起点,Return to start
圆点粒子独立启停。尺寸按 1080p 画面计算。,Dot particles start and stop independently. Sizes are measured on a 1080p frame.
圆角半径按 1080p 画面计算；窄、短音符会自动限制圆角大小。,Corner radius is measured on a 1080p frame; narrow and short notes clamp it automatically.
圆角半径（像素）,Corner radius (px)
垂直位置（%）,Vertical position (%)
基准寿命（秒）,Base lifetime (s)
增亮强度,Highlight intensity
增亮范围（像素）,Highlight range (px)
宽度（%）,Width (%)
密度起伏,Density drift
导入 MIDI,Import MIDI
导入配置,Import settings
导出视频,Export video
尺寸（像素）,Size (px)
展开 / 折叠接触线系统设置,Expand / collapse contact line system settings
展开 / 折叠灯光设置,Expand / collapse light settings
展开 / 折叠粒子与流线设置,Expand / collapse particle & stream settings
左侧位置（%）,Left position (%)
左右扩散,Sideways spread
底色,Base color
开始导出,Start export
开始（秒）,Start (s)
循环播放,Loop
快速设置,Quick settings
恢复光带参数,Reset light bar
恢复全局光晕参数,Reset global halo
恢复共享气流与运动参数,Reset shared wind & motion
恢复参数,Reset settings
恢复按键发光参数,Reset key glow
恢复接触光点参数,Reset contact glow
恢复接触线与光带响应参数,Reset contact line & light bar response
恢复接触线参数,Reset contact line
恢复标准 88 键,Reset to standard 88 keys
恢复流线参数,Reset streams
恢复粒子参数,Reset particles
恢复自动检测，检查常见安装目录、系统安装信息和 PATH,"Re-run auto-detection over common install folders, system install info and PATH"
恢复近键音符增亮参数,Reset near-key note highlight
恢复键盘泛光参数,Reset keyboard bloom
恢复音符发光参数,Reset note glow
恢复音符样式参数,Reset note style
恢复默认布局,Reset default layout
打开 MIDI 文件,Open MIDI file
扰动响应,Disturbance response
拖动以跳转播放位置,Drag to seek
按下时使用音符的分组颜色。调整布局同时移动音符列与命中位置。,Pressed keys use the note group colors. Adjusting the layout moves note columns and hit positions together.
按编码速度从快到慢排列；慢速预设通常有更好的压缩效率。,Ordered fastest to slowest; slower presets usually compress better.
接触线周围的柔光。取消颜色跟随后可单独选色，原来的独立颜色会保留。像素按 1080p 画面计算。,Soft glow around the contact line. Once it stops following the line color it can be picked freely; the previous custom color is kept. Pixels are measured on a 1080p frame.
提高音符的发光亮度；外围光晕由「全局泛光」控制。,Raises note glow; the outer halo is controlled by Global bloom.
播放 / 暂停（Space）,Play / pause (Space)
收束羽流,Narrow plume
数值越低，画质越高，文件通常越大。不同编码器的相同 CRF 不代表相同画质。,Lower values mean higher quality and usually larger files. The same CRF is not the same quality across encoders.
整行亮度,Full-row brightness
时间与同步,Timing & sync
时间偏移（秒）,Time offset (s)
显示 / 隐藏右侧设置栏,Show / hide the settings sidebar
显示乐谱,Show score
曲目信息,Song info
最低音（MIDI 编号）,Lowest note (MIDI number)
最高音（MIDI 编号）,Highest note (MIDI number)
未打开 MIDI,No MIDI open
未找到可用的 FFmpeg，无法导出视频。请从官网下载安装：[url=https://ffmpeg.org/download.html#build-windows]ffmpeg.org/download.html#build-windows[/url]，安装后重新打开本窗口即可自动识别，或在上方填写 ffmpeg.exe 的完整路径。,"No usable FFmpeg found; video export is unavailable. Download it from the official site: [url=https://ffmpeg.org/download.html#build-windows]ffmpeg.org/download.html#build-windows[/url]. After installing, reopen this window to auto-detect it, or type the full path to ffmpeg.exe above."
未载入乐谱,No score loaded
未选择图片,No image selected
未选择文件,No file selected
未选择视频,No video selected
柔光强度,Soft glow intensity
柔光范围（倍）,Soft glow range (×)
模糊强度,Blur intensity
正值延后到 MIDI 后面的小节；负值跳过乐谱开头的小节。外部同步暂不支持反复，拍号与小节顺序需一致。,Positive shifts into measures after the MIDI; negative skips measures at the score start. External sync does not support repeats yet; time signatures and measure order must match.
正值延后；负值跳过音频开头。,Positive delays; negative skips into the audio.
正值延迟视频开始；负值跳过视频开头。,Positive delays the video; negative skips into it.
此路径保存在本机，所有项目共用。选择 .mscz 后自动转换；未修改的谱面复用缓存。,This path is stored locally and shared by all projects. Picking a .mscz converts automatically; unchanged scores reuse the cache.
每秒粒子数,Particles per second
沿琴键顶端延伸的亮线；与光带分别控制。像素按 1080p 画面计算。,A bright line along the top edge of the keys; controlled separately from the light bar. Pixels are measured on a 1080p frame.
泛光强度,Bloom intensity
波动幅度（像素）,Wobble amplitude (px)
渐变终点,Gradient end
湍流强度,Turbulence
点击展开 / 折叠此组设置,Click to expand / collapse this group
画质（CRF）,Quality (CRF)
画面内显示的音符时间范围。数值越大，画面覆盖的时间越长，音符下落越慢。,"Time span of notes shown on screen. Larger values cover more time, so notes fall slower."
白键颜色,White key color
确认覆盖,Confirm overwrite
移除 MIDI、关联音频和乐谱,"Remove MIDI, linked audio and score"
移除乐谱，保留当前 MIDI,"Remove the score, keep the current MIDI"
移除背景图片,Remove background image
移除音频,Remove audio
第三方组件,Third-party components
粒子与流线共用这组基准，流线略快上升、寿命略长。速度按 1080p 画面计算；两者关闭后参数仍保留。,Particles and streams share this baseline; streams rise slightly faster and live slightly longer. Speeds are measured on a 1080p frame; settings persist when either is disabled.
粗细（像素）,Thickness (px)
线条亮度,Line brightness
线条粗细（像素）,Line width (px)
结束（秒）,End (s)
统一设置谱线、音符及记号的颜色,"Set one color for staff lines, notes and marks"
编码器,Encoder
编码预设,Encoder preset
背景,Background
背景素材在快速设置中选择。图片和视频共用效果；不透明度降低时显露底色。,Background media is chosen in Quick settings. Images and videos share the effects; lowering opacity reveals the base color.
背景色 / 渐变起点,Background color / gradient start
自动检测,Auto-detect
范围外的音符不显示；MIDI 文件与时间轴保持原样。,Notes outside the range are hidden; the MIDI file and timeline are untouched.
要调整的通道 / 轨道,Channel / track to adjust
视频导出依赖外部 FFmpeg（未随应用分发）。,Video export relies on an external FFmpeg (not bundled).
视频跟随 MIDI 时间；预览默认 720p / 30 FPS。FFmpeg 路径在导出窗口中设置；背景视频自身音轨不参与播放与导出。,The video follows MIDI time; preview defaults to 720p / 30 FPS. The FFmpeg path is set in the export dialog; the background video's own audio track is not played or exported.
触键增亮,Key-press highlight
触键时增强靠近键盘的音符亮度，可独立于按键发光启用。像素按 1080p 画面计算。,Brightens notes near the keyboard on key presses; can run independently of key glow. Pixels are measured on a 1080p frame.
设置,Settings
起音衰减（秒）,Attack decay (s)
跟随接触线颜色,Follow contact line color
跳转到首个音符,Jump to first note
输出文件,Output file
选择 FFmpeg 可执行文件,Select FFmpeg executable
选择 MuseScore 乐谱,Select MuseScore score
选择 MuseScore 乐谱或 JSON 数据包，同时载入同源 MIDI,Select a MuseScore score or JSON bundle; the matching MIDI loads with it
选择 MuseScore 程序,Select MuseScore program
选择 MuseScore4.exe,Select MuseScore4.exe
选择…,Browse…
选择外部音频,Select external audio
选择或替换MIDI文件,Choose or replace MIDI file
选择或替换背景图片,Choose or replace background image
选择或替换音频文件,Choose or replace audio file
选择背景图片,Select background image
选择背景视频,Select background video
选择自定义颜色,Pick a custom color
选择视频输出文件,Select video output file
配色依据,Color by
键盘,Keyboard
长度系数,Length factor
长短音符均可触发，关闭粒子也可单独显示。触发后松键仍会完整消散。粗细按 1080p 画面计算。,"Short and long notes both trigger it, and it can run with particles off. Releasing the key lets it fade out fully. Width is measured on a 1080p frame."
降低预览规格可减少显卡负担。F10 将窗口调整为 16:9；F11 全屏。导出使用独立的分辨率和帧率。,Lower preview specs reduce GPU load. F10 fits the window to 16:9; F11 fullscreen. Export uses its own resolution and frame rate.
随音符染色,Tint with notes
隐藏界面,Hide UI
音符与琴键接触位置的小范围亮光。,A small glow where notes meet the keys.
音频,Audio
音频偏移（秒）,Audio offset (s)
音频质量,Audio quality
顶部位置（%）,Top position (%)
项目,Project
项目 MIDI 无法载入,Project MIDI could not be loaded
预览播放并导出音频,Preview playback and audio export
颜色,Color
高度（%）,Height (%)
高级设置,Advanced settings
黑键颜色,Black key color
 · MIDI 钢琴可视化, · MIDI piano visualizer
 · 使用中, · in use
 · 已复用缓存, · cache reused
 · 背景图片不可用，已使用背景色。," · background image unavailable, background color used."
 · 背景视频不可用，已使用底色。," · background video unavailable, base color used."
 · 载入中, · loading
MIDI Format {0}  ·  {1} 个轨道  ·  {2} 个 Tempo 段,MIDI Format {0}  ·  {1} tracks  ·  {2} tempo segments
MIDI 文件,MIDI files
MIDI 音符 · 键盘 · 纯色背景,MIDI notes · keyboard · solid background
MP3 音频,MP3 audio
MuseScore 乐谱 / 数据包,MuseScore score / bundle
MuseScore 已就绪，可直接选择 .mscz 乐谱。,MuseScore is ready; pick .mscz scores directly.
MuseScore 配置失败：{0},MuseScore setup failed: {0}
OGG / Vorbis 音频,OGG / Vorbis audio
Trifle 视觉预设,Trifle visual preset
Trifle 项目,Trifle project
WAV 音频,WAV audio
{0} – {1} · {2} 键,{0} – {1} · {2} keys
{0}：可直接输入精确数值,{0}: type an exact value
不使用音频,Don't use audio
不可用 · {0},Unavailable · {0}
乐谱内 MIDI,In-score MIDI
乐谱内 MIDI 的来源需与乐谱引用一致。,The score's MIDI must match the score reference.
乐谱同步设置无效：{0},Invalid score sync settings: {0}
乐谱源文件不可用，将使用已加载的乐谱。,The score file is unavailable; the loaded score will be used.
乐谱设置无效：{0},Invalid score settings: {0}
使用乐谱内 MIDI,using the MIDI inside the score
使用乐谱原始发声时间。选择 MIDI 文件可改用外部 MIDI。,Uses the score's original note times. Pick a MIDI file to switch to external MIDI.
使用指定的 MuseScore,Using the specified MuseScore
保存 Trifle 项目,Save Trifle project
保存的播放位置超出播放时长。,The saved playback position exceeds the duration.
保存视觉预设,Save visual preset
保存视觉预设…,Save visual preset…
保存项目,Save project
保存项目失败：{0},Failed to save project: {0}
保存预设失败：{0},Failed to save preset: {0}
保留外部 MIDI，按小节网格同步,"external MIDI kept, synced via measure grid"
光带,Light bar
全局泛光,Global bloom
共享气流与运动,Shared wind & motion
关于 Trifle…,About Trifle…
切换 MIDI 来源失败：{0},Failed to switch MIDI source: {0}
加载视觉预设,Load visual preset
加载视觉预设…,Load visual preset…
加载项目失败：{0},Failed to load project: {0}
加载预设失败：{0},Failed to load preset: {0}
包含内容：{0},Includes: {0}
"发现 {0} 的自动保存。
{1}
恢复后暂停，不会覆盖已保存项目。","Autosave from {0} found.
{1}
Restores paused; saved projects are not overwritten."
取消,Cancel
同步乐谱,Synced score
启用 / 关闭{0}；保留已设置的参数,Enable / disable {0}; keeps its settings
图片背景,image background
圆角矩形,Rounded rectangle
垂直渐变,Vertical gradient
外部 MIDI,External MIDI
完整显示 · 空白填背景色,Fit · pad with background color
导入乐谱,Import score
导入乐谱失败：{0},Failed to import score: {0}
导入失败：{0},Import failed: {0}
导出失败：{0},Export failed: {0}
导出完成。,Export complete.
导出完成：{0},Export complete: {0}
导出已取消。,Export cancelled.
导出结束时间不能超过当前播放时长。,Export end cannot exceed the playback duration.
已保存 · {0},Saved · {0}
已保存视觉预设 · {0},Visual preset saved · {0}
已切换为乐谱内 MIDI。,Switched to the MIDI inside the score.
已切换为外部 MIDI，按小节网格同步。,"Switched to external MIDI, synced via measure grid."
已加载视觉预设。,Visual preset loaded.
已加载（暂停）· {0},Loaded (paused) · {0}
已取消乐谱导入，保留当前曲目。,Score import cancelled; current song kept.
已导出 {0} 帧（{1}）：{2},Exported {0} frames ({1}): {2}
已恢复自动保存（暂停）。请检查后手动保存项目。,"Autosave restored (paused). Review it, then save the project manually."
已打开 MIDI；可在设置栏选择音频。Space 播放 / 暂停，Ctrl+H 显示 / 隐藏界面。,"MIDI opened; pick audio in the settings sidebar. Space play/pause, Ctrl+H show/hide UI."
已打开背景图片：{0},Background image opened: {0}
已打开音频：{0},Audio opened: {0}
已找到：,Found: 
已移除 MIDI、关联音频和乐谱。打开 MIDI 或乐谱开始新曲目。,"MIDI, linked audio and score removed. Open a MIDI or score to start a new song."
已移除乐谱，保留当前 MIDI 和播放位置。,Score removed; current MIDI and position kept.
已移除背景图片。,Background image removed.
已移除背景视频。,Background video removed.
已移除音频。,Audio removed.
已自动检测 MuseScore,MuseScore auto-detected
已载入乐谱 · {0}（{1} 页，{2} 行） · {3},"Score loaded · {0} ({1} pages, {2} rows) · {3}"
已载入外部 MIDI；保留乐谱并按小节网格同步。,"External MIDI loaded; score kept, synced via measure grid."
已选择背景视频：{0},Background video selected: {0}
底色（未选择视频）,base color (no video selected)
开发版本,Development build
当前屏幕空间不足；隐藏界面后按 F10 调整为 16:9。,Not enough screen space; hide the UI and press F10 to fit 16:9.
当前曲目没有可导出的时间区间。,The current song has no exportable time range.
忽略,Dismiss
恢复,Restore
恢复上次会话,Restore last session
恢复失败：{0},Restore failed: {0}
所选 MuseScore 程序不存在。,The selected MuseScore program does not exist.
打开 MIDI 或乐谱开始；音频、背景和视觉参数在右侧设置。Space 播放 / 暂停，Ctrl+H 隐藏界面。,"Open a MIDI or score to start; audio, background and visual settings are on the right. Space play/pause, Ctrl+H hide UI."
打开 Trifle 项目,Open Trifle project
打开背景图片失败：{0},Failed to open background image: {0}
打开背景视频失败：{0},Failed to open background video: {0}
打开音频失败：{0},Failed to open audio: {0}
打开项目…,Open project…
按外部 MIDI 的拍号与速度表逐小节对齐。,Aligns measure-by-measure using the external MIDI's time signatures and tempo map.
按轨道（Track）,By track
按通道（Channel）,By channel
按键发光,Key glow
接触光点,Contact glow
接触线,Contact line
接触线与光带响应,Contact line & light bar response
接触线系统,Contact line system
支持拖入 MIDI、MuseScore 乐谱（MSCZ / JSON）、音频、背景图片和视频。,"Drag in MIDI, MuseScore scores (MSCZ / JSON), audio, background images and videos."
效果,Effects
文件不可用，请重新选择,The file is unavailable; re-pick it
无法保存本机 MuseScore 路径。,Cannot save the local MuseScore path.
无法读取 MIDI：{0},Cannot read MIDI: {0}
无音符轨道,No note tracks
无音频,No audio
时长 {0}  ·  {1} 个音符,Length {0}  ·  {1} notes
未找到 MuseScore；选择程序后可导入 .mscz。JSON 数据包仍可直接载入。,MuseScore not found; pick the program to import .mscz. JSON bundles still load directly.
未找到可用的 FFmpeg，请见下方提示。,No usable FFmpeg found; see the note below.
未检测到 MuseScore，请手动选择程序；也可直接载入 JSON 数据包。,MuseScore not detected; pick the program manually. JSON bundles can still be loaded directly.
样式,Style
正在导入乐谱 · {0},Importing score · {0}
正在导出视频…,Exporting video…
正在检查 FFmpeg…,Checking FFmpeg…
正在读取或转换乐谱…,Reading / converting the score…
每次可拖入一份 MIDI、一份乐谱、一份音频和一个背景文件（图片或视频）。,"Drag in one MIDI, one score, one audio file and one background (image or video) at a time."
水平渐变,Horizontal gradient
注意：{0},Note: {0}
流线,Streams
清理自动保存失败：{0},Failed to clean autosave: {0}
渐变背景,gradient background
渲染帧：{0} / {1},Rendering frames: {0} / {1}
灯光,Lights
版本 ,Version 
直角矩形,Rectangle
移除背景视频,Remove background video
窗口已调整为 16:9 · {0} × {1},Window fitted to 16:9 · {0} × {1}
第 {0}/{1} 页 · 第 {2}/{3} 行 · 小节 {4}–{5},Page {0}/{1} · row {2}/{3} · measures {4}–{5}
粒子,Particles
粒子 / 流线,Particles / streams
粒子与流线,Particles & streams
纯色背景,solid background
背景图片不可用，将使用背景色。,Background image unavailable; the background color will be used.
背景源文件不可用，将使用已加载的图片。,The background source file is unavailable; the loaded image will be used.
背景色（图片不可用）,background color (image unavailable)
背景视频不可用，已使用底色。请检查视频和 FFmpeg 路径。,Background video unavailable; base color used. Check the video and FFmpeg path.
背景视频不存在。,The background video does not exist.
背景视频源文件不可用，请重新选择视频后导出。,The background video file is unavailable; re-pick the video before exporting.
背景视频预览不可用，请检查视频与 FFmpeg 路径后导出。,Background video preview unavailable; check the video and FFmpeg path before exporting.
自动保存失败：{0},Autosave failed: {0}
自动保存无法读取，请打开已有项目：{0},Autosave unreadable; open an existing project: {0}
"覆盖这个视频文件？
{0}
导出成功后才替换原文件。","Overwrite this video file?
{0}
The original is replaced only after a successful export."
视频编码：{0} / {1},Encoding video: {0} / {1}
视频背景,video background
视频输出需要使用绝对路径。,Video output needs an absolute path.
视频预览：{0} FPS,Video preview: {0} FPS
视频预览：{0}p,Video preview: {0}p
视频高级设置,Video advanced settings
设置无效：{0},Invalid settings: {0}
请先在快速设置中选择外部 MIDI 文件。,Pick an external MIDI file in Quick settings first.
请先打开 MIDI 再保存项目。,Open a MIDI before saving a project.
请选择 OGG / Vorbis、MP3 或 WAV 文件。,"Pick an OGG / Vorbis, MP3 or WAV file."
跳过 {0} 个不存在的轨道颜色。,Skipped {0} track colors that no longer exist.
轨道 {0} · {1},Track {0} · {1}
轨道（Track）,Track
载入 MIDI 与乐谱失败：{0},Failed to load MIDI and score: {0}
载入乐谱后可选择同步来源。,Load a score to pick a sync source.
载入乐谱失败：{0},Failed to load score: {0}
载入外部 MIDI 失败：{0},Failed to load external MIDI: {0}
近键音符增亮,Near-key note highlight
选择或替换背景视频,Choose or replace background video
通道 {0},Channel {0}
通道（Channel）,Channel
重新关联乐谱失败：{0},Score relink failed: {0}
重新关联失败：{0},Relink failed: {0}
重新选择 MIDI…,Re-pick MIDI…
重新选择乐谱…,Re-pick score…
重新选择后继续；取消会保留当前项目。,Pick again to continue; cancelling keeps the current project.
重新选择音频…,Re-pick audio…
重新选择项目的 MIDI 文件,Re-pick the project's MIDI file
重新选择项目的乐谱,Re-pick the project's score
重新选择项目的乐谱数据包,Re-pick the project's score bundle
重新选择项目的音频,Re-pick the project's audio
铺满裁剪 · 居中,Fill · crop centered
键盘泛光,Keyboard bloom
音符发光,Note glow
音符数,Notes
音频源文件不可用，请重新选择音频后导出。,The audio file is unavailable; re-pick audio before exporting.
音频（OGG / MP3 / WAV）,Audio (OGG / MP3 / WAV)
音频：{0}，偏移 {1} 秒（AAC）,"Audio: {0}, offset {1} s (AAC)"
项目乐谱无法载入,Project score cannot be loaded
项目另存为…,Save project as…
"项目引用的乐谱文件不存在：
{0}","The project's score file is missing:
{0}"
"项目引用的音频文件不存在：
{0}","The project's audio file is missing:
{0}"
项目等待重新选择乐谱；当前曲目保持原样。,Waiting for a new score; the current song is untouched.
项目等待重新选择音乐源文件；当前曲目保持原样。,Waiting for a new music source; the current song is untouched.
项目等待重新选择音频；也可不使用音频加载。当前曲目保持原样。,Waiting for a new audio file; you can also load without audio. The current song is untouched.
项目音频无法载入,Project audio cannot be loaded
预览分辨率,Preview resolution
纯色,Solid color
渐变,Gradient
图片,Image
视频,Video
